,Pseudouridine (Ψ),m6A
5'UTR,4.916201117318435,22.36
CDS,34.18994413407821,44.019999999999996
3'UTR,58.770949720670394,32.5
